{
    "weight_memory_embedding": 204800000.0,
    "weight_memory_layer": 245772800.0,
    "optimizer_state_memory_per_layer": 1474636800.0,
    "gradient_memory_per_layer": 491545600.0,
    "activation_memory_per_layer": 143360000.0,
    "activation_memory_embedding_output_per_layer": 2867200000.0,
    "activation_memory_layernorm_per_layer": 0,
    "latency_fwd_per_layer": 0.05221380683346785,
    "latency_fwd_input_embedding": 0.00040634920634920635,
    "latency_fwd_output_embedding_loss": 0.03967070217917676
}